part,times1,times2,
1,74.606125,69.598471
2,67.063741,76.758435
3,67.962531,70.145136
4,71.545212,74.550759
5,69.462424,81.099899
6,74.939199,76.299457
7,73.841466,75.156365
8,81.055548,72.236163
9,69.054873,66.421986
10,70.062204,66.939979
11,67.246732,70.834835
12,72.385446,70.733529
13,74.397754,64.590787
14,73.091638,75.885826
15,64.538290,81.227976
16,66.160423,83.370663
17,72.154322,74.640215
18,75.830332,75.600008
19,72.598841,71.500299
20,75.869496,68.772575